,beach,sunset,foliage,field,mountain,urban
beach,1.0,0.0,0.0,0.0011641443538998836,0.04121475054229935,0.02264600715137068
sunset,0.0,1.0,0.0,0.0,0.0,0.0
foliage,0.0,0.0,1.0,0.02977667493796526,0.015283842794759825,0.0
field,0.0011641443538998836,0.0,0.02977667493796526,1.0,0.0853932584269663,0.006993006993006993
mountain,0.04121475054229935,0.0,0.015283842794759825,0.0853932584269663,1.0,0.0010384215991692627
urban,0.02264600715137068,0.0,0.0,0.006993006993006993,0.0010384215991692627,1.0
