Dataset,Instances,Features,Labels,Label Cardinality,Label Density,Distinct Labelsets
emotions,593,72,6,1.8684654300168635,0.3114109050028106,27
medical,978,1449,45,1.2453987730061349,0.02767552828902522,94
Yeast,2417,103,14,4.237070748862226,0.3026479106330161,198
Scene,2407,294,6,1.0739509763190693,0.17899182938651156,15
